Milestone,ID,Titre,Description,Role,Estimation_h,Dependances,Labels
"M0 - Setup",0.1,"Créer repo GitHub + inviter le prof","Créer le dépôt, structure de dossiers initiale, inviter l'enseignant en collaborateur (lecture).",CP,1,"-","setup"
"M0 - Setup",0.2,"Protéger main + Milestones/labels","Activer la protection de branche (PR obligatoire), créer les Milestones J1-J8 et les labels backend/frontend/devops/docs.",CP,1,0.1,"setup"
"M0 - Setup",0.3,"Squelette projet Django","Créer les apps Django : users, patients, admissions, prescriptions.",LB,3,0.1,"backend,setup"
"M0 - Setup",0.4,"Squelette projet React","Structure de dossiers, routing de base.",DF,3,0.1,"frontend,setup"
"M0 - Setup",0.5,"Modèles Django initiaux + migrations","Utilisateur, Patient, Lit, Séjour, Prescription.",LB,4,0.3,"backend"
"M0 - Setup",0.6,"Créer projets Render + Vercel","Configurer les environnements d'hébergement, variables d'environnement.",QA,2,0.1,"devops"
"M0 - Setup",0.7,"Pipeline CI basique (GitHub Actions)","Build + lint automatique sur chaque PR.",QA,3,"0.3,0.4","devops"
"M0 - Setup",0.8,"Déploiement hello world en prod","Valider la chaîne complète GitHub -> Render/Vercel avant de coder les fonctionnalités.",QA,2,"0.5,0.6,0.7","devops"
"M1 - Auth/RBAC",1.1,"Modèle Utilisateur + rôles","Modèle custom avec rôles Médecin/Infirmier/Administratif.",LB,3,0.5,"backend"
"M1 - Auth/RBAC",1.2,"API login/logout","Endpoints DRF pour authentification (token ou session).",DB,4,1.1,"backend"
"M1 - Auth/RBAC",1.3,"Permissions DRF par rôle","Classes de permission réutilisables pour les autres modules.",LB,3,1.1,"backend"
"M1 - Auth/RBAC",1.4,"Page login React","Formulaire de connexion + appel API.",DF,4,0.4,"frontend"
"M1 - Auth/RBAC",1.5,"Contexte d'auth React","Gestion état connecté, protection des routes privées.",DF,3,1.4,"frontend"
"M1 - Auth/RBAC",1.6,"Tests unitaires auth (backend)","Couverture des endpoints login/permissions.",QA,2,"1.2,1.3","tests"
"M1 - Auth/RBAC",1.7,"Déploiement module auth en prod","Vérification bout en bout en environnement déployé.",QA,2,"1.2,1.4,1.6","devops"
"M2 - DPI",2.1,"API CRUD Patient","Création/consultation/mise à jour d'un dossier patient.",DB,4,1.3,"backend"
"M2 - DPI",2.2,"Restriction accès données médicales","Un administratif ne voit pas l'historique médical.",LB,2,"2.1,1.3","backend"
"M2 - DPI",2.3,"Formulaire création patient (React)","-",DF,3,1.5,"frontend"
"M2 - DPI",2.4,"Liste + recherche patient (React)","-",DF,3,1.5,"frontend"
"M2 - DPI",2.5,"Vue détail dossier patient (React)","-",DF,3,2.1,"frontend"
"M2 - DPI",2.6,"Tests module DPI","Tests unitaires + intégration.",QA,2,"2.1,2.2","tests"
"M3 - Admissions",3.1,"Modèles Lit + Séjour","Migrations associées.",LB,2,0.5,"backend"
"M3 - Admissions",3.2,"API Admission","Assignation de lit, règle 1 lit = 1 patient.",DB,4,"3.1,2.1","backend"
"M3 - Admissions",3.3,"API Sortie","Libération du lit, validation des dates.",DB,2,3.2,"backend"
"M3 - Admissions",3.4,"Vue disponibilité des lits (React)","-",DF,3,3.1,"frontend"
"M3 - Admissions",3.5,"Formulaire admission/sortie (React)","-",DF,4,"3.2,3.3","frontend"
"M3 - Admissions",3.6,"Tests module admissions","-",QA,2,"3.2,3.3","tests"
"M4 - Prescription",4.1,"Modèle + API Prescription","Restreint au rôle Médecin.",DB,3,"2.1,1.3","backend"
"M4 - Prescription",4.2,"Formulaire prescription (React)","Visible uniquement pour le rôle Médecin.",DF,3,"4.1,1.5","frontend"
"M4 - Prescription",4.3,"Historique prescriptions dans dossier patient","-",DF,2,"4.1,2.5","frontend"
"M4 - Prescription",4.4,"Intégration bout en bout des 4 modules","Parcours complet admission -> prescription.",LB,4,"3.5,4.2","backend,frontend"
"M4 - Prescription",4.5,"Tests module prescription","-",QA,2,4.1,"tests"
"M5 - Stabilisation",5.1,"Tests d'intégration bout en bout","Parcours patient complet.",QA,4,4.4,"tests"
"M5 - Stabilisation",5.2,"Correction des bugs remontés","-",Tous,6,5.1,"bug"
"M5 - Stabilisation",5.3,"Cohérence UI/UX finale","Styles, messages d'erreur.",DF,3,4.4,"frontend"
"M5 - Stabilisation",5.4,"Revue sécurité basique","Validation entrées, permissions croisées.",LB,2,4.4,"backend"
"M6 - Déploiement final",6.1,"Déploiement production final","-",QA,2,5.2,"devops"
"M6 - Déploiement final",6.2,"Rédaction Wiki GitHub","Guide installation + architecture.",QA,3,6.1,"docs"
"M6 - Déploiement final",6.3,"Mise à jour finale du document de spécifications","Écarts réels vs prévu.",CP,2,5.2,"docs"
"M6 - Déploiement final",6.4,"Vérification accès prof + visibilité repo","-",CP,1,"6.1,6.2","setup"
"M7 - Marge",7.1,"Répétition de la soutenance/démo","-",Tous,2,6.4,"docs"
"M7 - Marge",7.2,"Vérification finale bout en bout en prod","-",QA,2,6.4,"devops"
"M7 - Marge",7.3,"Buffer correctifs de dernière minute","Réserve non planifiée.",Tous,0,"-","buffer"
